"zipCode","stateAbv","lat","long","city","state"
"52761","IL","41.413372","-91.00612","Muscatine","Illinois"
"60002","IL","42.466170","-88.09995","Antioch","Illinois"
"60004","IL","42.108428","-87.97723","Arlington Height","Illinois"
"60005","IL","42.069327","-87.98464","Arlington Height","Illinois"
"60007","IL","42.005978","-87.99847","Elk Grove Villag","Illinois"
"60008","IL","42.075060","-88.02508","Rolling Meadows","Illinois"
"60010","IL","42.160791","-88.15231","Barrington","Illinois"
"60012","IL","42.265643","-88.31664","Crystal Lake","Illinois"
"60013","IL","42.217523","-88.24338","Cary","Illinois"
"60014","IL","42.226623","-88.33066","Crystal Lake","Illinois"
"60015","IL","42.169325","-87.86556","Deerfield","Illinois"
"60016","IL","42.047178","-87.89058","Des Plaines","Illinois"
"60018","IL","42.008429","-87.89234","Rosemont","Illinois"
"60020","IL","42.409445","-88.17822","Fox Lake","Illinois"
"60021","IL","42.194946","-88.21676","Fox River Grove","Illinois"
"60022","IL","42.130976","-87.76252","Glencoe","Illinois"
"60025","IL","42.076720","-87.81922","Glenview","Illinois"
"60029","IL","42.056529","-87.79286","Golf","Illinois"
"60030","IL","42.338955","-88.03433","Gages Lake","Illinois"
"60031","IL","42.375821","-87.93517","Gurnee","Illinois"
"60033","IL","42.424338","-88.61431","Harvard","Illinois"
"60034","IL","42.468318","-88.43125","Hebron","Illinois"
"60035","IL","42.181875","-87.80956","Highland Park","Illinois"
"60037","IL","42.211960","-87.80808","Fort Sheridan","Illinois"
"60040","IL","42.205724","-87.81421","Highwood","Illinois"
"60041","IL","42.372721","-88.15303","Ingleside","Illinois"
"60042","IL","42.277691","-88.20074","Island Lake","Illinois"
"60043","IL","42.088128","-87.71600","Kenilworth","Illinois"
"60044","IL","42.286222","-87.86309","Lake Bluff","Illinois"
"60045","IL","42.238087","-87.86093","Lake Forest","Illinois"
"60046","IL","42.410687","-88.05462","Lindenhurst","Illinois"
"60047","IL","42.199957","-88.05859","Long Grove","Illinois"
"60048","IL","42.290922","-87.95169","Libertyville","Illinois"
"60050","IL","42.348406","-88.24769","Mc Henry","Illinois"
"60053","IL","42.041999","-87.78882","Morton Grove","Illinois"
"60056","IL","42.065427","-87.93621","Mount Prospect","Illinois"
"60060","IL","42.263623","-88.01172","Mundelein","Illinois"
"60061","IL","42.229856","-87.96779","Vernon Hills","Illinois"
"60062","IL","42.124576","-87.84303","Northbrook","Illinois"
"60064","IL","42.326072","-87.85202","Abbott Park","Illinois"
"60067","IL","42.109790","-88.04917","Palatine","Illinois"
"60068","IL","42.011830","-87.84158","Park Ridge","Illinois"
"60069","IL","42.188074","-87.92717","Prairie View","Illinois"
"60070","IL","42.105576","-87.92816","Prospect Heights","Illinois"
"60071","IL","42.464639","-88.30280","Richmond","Illinois"
"60072","IL","42.405464","-88.30274","Ringwood","Illinois"
"60073","IL","42.366253","-88.09647","Round Lake","Illinois"
"60074","IL","42.143819","-88.02546","Palatine","Illinois"
"60076","IL","42.036180","-87.73210","Skokie","Illinois"
"60077","IL","42.033313","-87.75764","Skokie","Illinois"
"60081","IL","42.441869","-88.22167","Spring Grove","Illinois"
"60083","IL","42.428187","-87.92935","Wadsworth","Illinois"
"60084","IL","42.263181","-88.14328","Wauconda","Illinois"
"60085","IL","42.361271","-87.86187","Mc Gaw Park","Illinois"
"60087","IL","42.404272","-87.86525","Waukegan","Illinois"
"60088","IL","42.312372","-87.85284","Great Lakes","Illinois"
"60089","IL","42.167638","-87.96393","Buffalo Grove","Illinois"
"60090","IL","42.131526","-87.92958","Wheeling","Illinois"
"60091","IL","42.077178","-87.72373","Wilmette","Illinois"
"60093","IL","42.104127","-87.75016","Northfield","Illinois"
"60096","IL","42.480670","-87.83018","Winthrop Harbor","Illinois"
"60097","IL","42.384504","-88.34950","Wonder Lake","Illinois"
"60098","IL","42.316121","-88.43884","Woodstock","Illinois"
"60099","IL","42.451371","-87.84862","Zion","Illinois"
"600HH","IL","42.370605","-88.11972","","Illinois"
"60101","IL","41.931573","-88.00222","Addison","Illinois"
"60102","IL","42.173150","-88.31849","Lake In The Hill","Illinois"
"60103","IL","41.977477","-88.17257","Hanover Park","Illinois"
"60104","IL","41.882924","-87.87642","Bellwood","Illinois"
"60106","IL","41.956479","-87.95117","Bensenville","Illinois"
"60107","IL","42.023977","-88.17657","Streamwood","Illinois"
"60108","IL","41.949540","-88.08256","Bloomingdale","Illinois"
"60109","IL","42.052112","-88.54829","Burlington","Illinois"
"60110","IL","42.121188","-88.27227","Carpentersville","Illinois"
"60111","IL","41.998231","-88.84223","Clare","Illinois"
"60112","IL","41.921121","-88.68990","Cortland","Illinois"
"60113","IL","41.931710","-88.96438","Creston","Illinois"
"60115","IL","41.924127","-88.74617","De Kalb","Illinois"
"60118","IL","42.101502","-88.28891","Dundee","Illinois"
"60119","IL","41.876506","-88.46429","Elburn","Illinois"
"60120","IL","42.037176","-88.25922","Elgin","Illinois"
"60123","IL","42.034776","-88.32393","Elgin","Illinois"
"60126","IL","41.891030","-87.94181","Elmhurst","Illinois"
"60129","IL","42.034502","-88.97084","Esmond","Illinois"
"60130","IL","41.871331","-87.81235","Forest Park","Illinois"
"60131","IL","41.935480","-87.87468","Franklin Park","Illinois"
"60134","IL","41.885728","-88.31957","Geneva","Illinois"
"60135","IL","42.100280","-88.69060","Genoa","Illinois"
"60136","IL","42.099479","-88.36942","Gilberts","Illinois"
"60137","IL","41.869779","-88.06285","Glen Ellyn","Illinois"
"60139","IL","41.920228","-88.07891","Glendale Heights","Illinois"
"60140","IL","42.086218","-88.50360","Hampshire","Illinois"
"60141","IL","41.858028","-87.83865","Hines","Illinois"
"60142","IL","42.171973","-88.42891","Huntley","Illinois"
"60143","IL","41.972328","-88.02196","Itasca","Illinois"
"60145","IL","42.102014","-88.76647","Kingston","Illinois"
"60146","IL","42.100571","-88.87665","Kirkland","Illinois"
"60148","IL","41.875429","-88.01723","Lombard","Illinois"
"60150","IL","41.933061","-88.88293","Malta","Illinois"
"60151","IL","41.918420","-88.57626","Maple Park","Illinois"
"60152","IL","42.242199","-88.61034","Marengo","Illinois"
"60153","IL","41.880281","-87.84455","Broadview","Illinois"
"60154","IL","41.851257","-87.88351","Westchester","Illinois"
"60155","IL","41.857931","-87.85477","Broadview","Illinois"
"60157","IL","41.970628","-88.05606","Medinah","Illinois"
"60160","IL","41.899880","-87.85978","Melrose Park","Illinois"
"60162","IL","41.872997","-87.90101","Hillside","Illinois"
"60163","IL","41.886794","-87.91052","Hillside","Illinois"
"60164","IL","41.918230","-87.89627","Northlake","Illinois"
"60165","IL","41.901580","-87.88046","Stone Park","Illinois"
"60171","IL","41.925830","-87.84013","River Grove","Illinois"
"60172","IL","41.980761","-88.08704","Roselle","Illinois"
"60173","IL","42.051927","-88.04814","Schaumburg","Illinois"
"60174","IL","41.919808","-88.30498","Saint Charles","Illinois"
"60175","IL","41.944577","-88.38326","Saint Charles","Illinois"
"60176","IL","41.956830","-87.87193","Schiller Park","Illinois"
"60177","IL","41.992150","-88.30609","South Elgin","Illinois"
"60178","IL","41.990505","-88.68704","Sycamore","Illinois"
"60180","IL","42.229437","-88.52606","Union","Illinois"
"60181","IL","41.880429","-87.97813","Villa Park","Illinois"
"60184","IL","41.953427","-88.25176","Wayne","Illinois"
"60185","IL","41.891978","-88.20502","West Chicago","Illinois"
"60187","IL","41.858279","-88.10904","Wheaton","Illinois"
"60188","IL","41.918578","-88.13688","Carol Stream","Illinois"
"60190","IL","41.875228","-88.15261","Winfield","Illinois"
"60191","IL","41.962979","-87.97688","Wood Dale","Illinois"
"60192","IL","42.065827","-88.21399","Schaumburg","Illinois"
"60193","IL","42.012990","-88.09675","Schaumburg","Illinois"
"60194","IL","42.037108","-88.10719","Hoffman Estates","Illinois"
"60195","IL","42.067809","-88.10828","Hoffman Estates","Illinois"
"601HH","IL","42.033203","-88.28289","","Illinois"
"60201","IL","42.056391","-87.69684","Evanston","Illinois"
"60202","IL","42.030327","-87.68828","Evanston","Illinois"
"60203","IL","42.048879","-87.71750","Evanston","Illinois"
"60301","IL","41.887981","-87.79562","Oak Park","Illinois"
"60302","IL","41.893941","-87.78899","Oak Park","Illinois"
"60304","IL","41.873550","-87.78850","Oak Park","Illinois"
"60305","IL","41.893031","-87.81718","River Forest","Illinois"
"60401","IL","41.350484","-87.62408","Beecher","Illinois"
"60402","IL","41.836981","-87.79095","Stickney","Illinois"
"60406","IL","41.656592","-87.68154","Blue Island","Illinois"
"60407","IL","41.230524","-88.25503","Braceville","Illinois"
"60408","IL","41.262178","-88.22307","Braidwood","Illinois"
"60409","IL","41.614188","-87.54638","Calumet City","Illinois"
"60410","IL","41.439518","-88.20898","Channahon","Illinois"
"60411","IL","41.511307","-87.61010","Sauk Village","Illinois"
"60415","IL","41.702482","-87.77869","Chicago Ridge","Illinois"
"60416","IL","41.292011","-88.27830","Coal City","Illinois"
"60417","IL","41.439034","-87.61173","Crete","Illinois"
"60419","IL","41.626839","-87.59865","Dolton","Illinois"
"60420","IL","41.089453","-88.42783","Dwight","Illinois"
"60421","IL","41.429681","-88.10284","Elwood","Illinois"
"60422","IL","41.539384","-87.68424","Flossmoor","Illinois"
"60423","IL","41.501178","-87.83875","Frankfort","Illinois"
"60424","IL","41.174117","-88.30954","Gardner","Illinois"
"60425","IL","41.544584","-87.61289","Glenwood","Illinois"
"60426","IL","41.609078","-87.66264","Markham","Illinois"
"60429","IL","41.574034","-87.67857","Hazel Crest","Illinois"
"60430","IL","41.556734","-87.66464","Homewood","Illinois"
"60431","IL","41.524930","-88.19022","Joliet","Illinois"
"60432","IL","41.533631","-88.05592","Joliet","Illinois"
"60433","IL","41.511644","-88.05698","Joliet","Illinois"
"60435","IL","41.543380","-88.11963","Shorewood","Illinois"
"60436","IL","41.507980","-88.10553","Rockdale","Illinois"
"60437","IL","41.168761","-88.55792","Kinsman","Illinois"
"60438","IL","41.565685","-87.54819","Lansing","Illinois"
"60439","IL","41.676028","-87.98258","Argonne","Illinois"
"60440","IL","41.703097","-88.07462","Bolingbrook","Illinois"
"60441","IL","41.598235","-88.02753","Romeoville","Illinois"
"60442","IL","41.407474","-87.96883","Manhattan","Illinois"
"60443","IL","41.503468","-87.73695","Matteson","Illinois"
"60444","IL","41.243419","-88.40325","Mazon","Illinois"
"60445","IL","41.631683","-87.73309","Crestwood","Illinois"
"60446","IL","41.642730","-88.09934","Romeoville","Illinois"
"60447","IL","41.473553","-88.29167","Minooka","Illinois"
"60448","IL","41.536782","-87.88582","Mokena","Illinois"
"60449","IL","41.422555","-87.75531","Monee","Illinois"
"60450","IL","41.370642","-88.40749","Morris","Illinois"
"60451","IL","41.509231","-87.96475","New Lenox","Illinois"
"60452","IL","41.605633","-87.75356","Oak Forest","Illinois"
"60453","IL","41.715082","-87.75460","Oak Lawn","Illinois"
"60455","IL","41.742432","-87.80678","Bridgeview","Illinois"
"60456","IL","41.730533","-87.73198","Hometown","Illinois"
"60457","IL","41.723782","-87.82825","Hickory Hills","Illinois"
"60458","IL","41.746432","-87.83557","Justice","Illinois"
"60459","IL","41.744082","-87.77022","Burbank","Illinois"
"60460","IL","41.001480","-88.52981","Odell","Illinois"
"60461","IL","41.518290","-87.69274","Olympia Fields","Illinois"
"60462","IL","41.623532","-87.83542","Orland Park","Illinois"
"60463","IL","41.663548","-87.79148","Palos Heights","Illinois"
"60464","IL","41.664582","-87.84378","Palos Park","Illinois"
"60465","IL","41.699432","-87.82977","Palos Hills","Illinois"
"60466","IL","41.472934","-87.68767","University Park","Illinois"
"60467","IL","41.598255","-87.89201","Orland Park","Illinois"
"60468","IL","41.331114","-87.79917","Peotone","Illinois"
"60469","IL","41.628034","-87.68694","Posen","Illinois"
"60470","IL","41.169068","-88.64940","Ransom","Illinois"
"60471","IL","41.483844","-87.72134","Richton Park","Illinois"
"60472","IL","41.642933","-87.70814","Robbins","Illinois"
"60473","IL","41.597472","-87.59909","South Holland","Illinois"
"60474","IL","41.173313","-88.27494","South Wilmington","Illinois"
"60475","IL","41.470084","-87.63369","Steger","Illinois"
"60476","IL","41.570384","-87.60839","Thornton","Illinois"
"60477","IL","41.573800","-87.80389","Tinley Park","Illinois"
"60478","IL","41.561134","-87.72398","Country Club Hil","Illinois"
"60479","IL","41.231718","-88.52659","Verona","Illinois"
"60480","IL","41.737616","-87.87778","Willow Springs","Illinois"
"60481","IL","41.298186","-88.14640","Custer Park","Illinois"
"60482","IL","41.688827","-87.79265","Worth","Illinois"
"60490","IL","41.684752","-88.14203","Bolingbrook","Illinois"
"604HH","IL","41.586780","-88.06684","","Illinois"
"60501","IL","41.784832","-87.81000","Argo","Illinois"
"60504","IL","41.760067","-88.25218","Aurora","Illinois"
"60505","IL","41.756129","-88.29699","Aurora","Illinois"
"60506","IL","41.766029","-88.35254","Aurora","Illinois"
"60510","IL","41.845228","-88.30995","Batavia","Illinois"
"60511","IL","41.755370","-88.54865","Big Rock","Illinois"
"60512","IL","41.706034","-88.41296","Bristol","Illinois"
"60513","IL","41.822681","-87.84753","Brookfield","Illinois"
"60514","IL","41.779533","-87.95798","Clarendon Hills","Illinois"
"60515","IL","41.803480","-88.01827","Downers Grove","Illinois"
"60516","IL","41.761463","-88.01334","Downers Grove","Illinois"
"60517","IL","41.752530","-88.04864","Woodridge","Illinois"
"60518","IL","41.599139","-88.91932","Earlville","Illinois"
"60519","IL","41.778379","-88.24268","Eola","Illinois"
"60520","IL","41.776884","-88.64655","Hinckley","Illinois"
"60521","IL","41.772915","-87.92996","Oak Brook","Illinois"
"60523","IL","41.837716","-87.96041","Oak Brook","Illinois"
"60525","IL","41.788536","-87.87605","Hodgkins","Illinois"
"60526","IL","41.829831","-87.87040","La Grange Park","Illinois"
"60530","IL","41.792378","-88.95160","Lee","Illinois"
"60531","IL","41.620636","-88.78895","Leland","Illinois"
"60532","IL","41.789079","-88.08536","Lisle","Illinois"
"60534","IL","41.812331","-87.82318","Lyons","Illinois"
"60536","IL","41.598631","-88.55317","Millbrook","Illinois"
"60537","IL","41.562530","-88.59921","Millington","Illinois"
"60538","IL","41.721886","-88.32972","Montgomery","Illinois"
"60539","IL","41.823478","-88.33320","Mooseheart","Illinois"
"60540","IL","41.764779","-88.14579","Naperville","Illinois"
"60541","IL","41.529433","-88.53552","Newark","Illinois"
"60542","IL","41.809387","-88.32931","North Aurora","Illinois"
"60543","IL","41.684896","-88.34177","Oswego","Illinois"
"60544","IL","41.607624","-88.19736","Plainfield","Illinois"
"60545","IL","41.665654","-88.53697","Plano","Illinois"
"60546","IL","41.836131","-87.82163","North Riverside","Illinois"
"60548","IL","41.645393","-88.63052","Sandwich","Illinois"
"60549","IL","41.490329","-88.74998","Serena","Illinois"
"60550","IL","41.769322","-88.86858","Shabbona","Illinois"
"60551","IL","41.527585","-88.68292","Sheridan","Illinois"
"60552","IL","41.645998","-88.69000","Somonauk","Illinois"
"60553","IL","41.830628","-89.01704","Steward","Illinois"
"60554","IL","41.779939","-88.45183","Sugar Grove","Illinois"
"60555","IL","41.825520","-88.19452","Warrenville","Illinois"
"60556","IL","41.768498","-88.77539","Waterman","Illinois"
"60557","IL","41.438531","-88.76933","Wedron","Illinois"
"60558","IL","41.805531","-87.90103","Western Springs","Illinois"
"60559","IL","41.795358","-87.97778","Westmont","Illinois"
"60560","IL","41.631342","-88.43996","Yorkville","Illinois"
"60561","IL","41.745623","-87.98108","Darien","Illinois"
"60563","IL","41.794885","-88.16188","Naperville","Illinois"
"60564","IL","41.707118","-88.19634","Naperville","Illinois"
"60565","IL","41.728738","-88.12824","Naperville","Illinois"
"605HH","IL","41.755784","-88.31547","","Illinois"
"60601","IL","41.886456","-87.62325","Chicago","Illinois"
"60602","IL","41.882937","-87.62874","Chicago","Illinois"
"60603","IL","41.880446","-87.63014","Chicago","Illinois"
"60604","IL","41.877589","-87.62818","Chicago","Illinois"
"60605","IL","41.860019","-87.61870","Chicago","Illinois"
"60606","IL","41.882582","-87.63760","Chicago","Illinois"
"60607","IL","41.875882","-87.65114","Chicago","Illinois"
"60608","IL","41.850532","-87.66990","Chicago","Illinois"
"60609","IL","41.814283","-87.65282","Chicago","Illinois"
"60610","IL","41.898582","-87.63710","Chicago","Illinois"
"60611","IL","41.904667","-87.62504","Chicago","Illinois"
"60612","IL","41.880682","-87.68770","Chicago","Illinois"
"60613","IL","41.953256","-87.66290","Chicago","Illinois"
"60614","IL","41.922682","-87.65432","Chicago","Illinois"
"60615","IL","41.801525","-87.60215","Chicago","Illinois"
"60616","IL","41.847400","-87.63126","Chicago","Illinois"
"60617","IL","41.719973","-87.55570","Chicago","Illinois"
"60618","IL","41.945681","-87.70480","Chicago","Illinois"
"60619","IL","41.744834","-87.60444","Chicago","Illinois"
"60620","IL","41.740483","-87.65282","Chicago","Illinois"
"60621","IL","41.776983","-87.64040","Chicago","Illinois"
"60622","IL","41.900332","-87.66927","Chicago","Illinois"
"60623","IL","41.850232","-87.71800","Chicago","Illinois"
"60624","IL","41.879365","-87.72199","Chicago","Illinois"
"60625","IL","41.971614","-87.70256","Chicago","Illinois"
"60626","IL","42.009731","-87.66938","Chicago","Illinois"
"60628","IL","41.695434","-87.62255","Chicago","Illinois"
"60629","IL","41.777482","-87.71155","Chicago","Illinois"
"60630","IL","41.971044","-87.75869","Chicago","Illinois"
"60631","IL","41.996230","-87.81091","Chicago","Illinois"
"60632","IL","41.809299","-87.71050","Chicago","Illinois"
"60633","IL","41.655423","-87.55365","Burnham","Illinois"
"60634","IL","41.944454","-87.79654","Norridge","Illinois"
"60636","IL","41.776633","-87.66854","Chicago","Illinois"
"60637","IL","41.779384","-87.60544","Chicago","Illinois"
"60638","IL","41.787982","-87.77380","Bedford Park","Illinois"
"60639","IL","41.921431","-87.75415","Chicago","Illinois"
"60640","IL","41.973181","-87.66650","Chicago","Illinois"
"60641","IL","41.946431","-87.74576","Chicago","Illinois"
"60643","IL","41.696433","-87.65993","Calumet Park","Illinois"
"60644","IL","41.881331","-87.75671","Chicago","Illinois"
"60645","IL","42.008956","-87.69634","Lincolnwood","Illinois"
"60646","IL","41.995331","-87.76010","Lincolnwood","Illinois"
"60647","IL","41.921126","-87.70085","Chicago","Illinois"
"60649","IL","41.761734","-87.57072","Chicago","Illinois"
"60651","IL","41.901485","-87.74055","Chicago","Illinois"
"60652","IL","41.744600","-87.71188","Chicago","Illinois"
"60653","IL","41.819833","-87.61269","Chicago","Illinois"
"60654","IL","41.888627","-87.63538","Chicago","Illinois"
"60655","IL","41.696283","-87.69912","Merrionette Park","Illinois"
"60656","IL","41.975080","-87.81630","Harwood Heights","Illinois"
"60657","IL","41.940832","-87.65852","Chicago","Illinois"
"60659","IL","41.991381","-87.70378","Lincolnwood","Illinois"
"60660","IL","41.990631","-87.66670","Chicago","Illinois"
"60661","IL","41.882082","-87.64461","Chicago","Illinois"
"606HH","IL","41.822255","-87.59156","","Illinois"
"60706","IL","41.964180","-87.81686","Harwood Heights","Illinois"
"60707","IL","41.922681","-87.80805","Elmwood Park","Illinois"
"60712","IL","42.005331","-87.73545","Lincolnwood","Illinois"
"60714","IL","42.032379","-87.81563","Niles","Illinois"
"60803","IL","41.675861","-87.73189","Alsip","Illinois"
"60804","IL","41.844382","-87.75990","Cicero","Illinois"
"60805","IL","41.719933","-87.70249","Evergreen Park","Illinois"
"60827","IL","41.649717","-87.63292","Riverdale","Illinois"
"608HH","IL","41.655134","-87.65847","","Illinois"
"60901","IL","41.114132","-87.86784","Kankakee","Illinois"
"60910","IL","41.078981","-87.80536","Aroma Park","Illinois"
"60911","IL","40.883641","-87.96670","Ashkum","Illinois"
"60912","IL","40.968579","-87.61611","Beaverville","Illinois"
"60913","IL","41.147958","-88.06412","Bonfield","Illinois"
"60914","IL","41.170442","-87.86891","Bourbonnais","Illinois"
"60915","IL","41.144256","-87.86239","Bradley","Illinois"
"60917","IL","41.046990","-88.18649","Buckingham","Illinois"
"60918","IL","40.598963","-88.03308","Buckley","Illinois"
"60919","IL","40.987824","-88.23737","Cabery","Illinois"
"60920","IL","41.024846","-88.30797","Campus","Illinois"
"60921","IL","40.757447","-88.29306","Chatsworth","Illinois"
"60922","IL","41.005603","-87.90649","Chebanse","Illinois"
"60924","IL","40.565374","-87.88177","Cissna Park","Illinois"
"60926","IL","40.572516","-87.81825","Claytonville","Illinois"
"60927","IL","40.937573","-87.94105","Clifton","Illinois"
"60928","IL","40.766096","-87.85474","Crescent City","Illinois"
"60929","IL","40.873000","-88.28676","Cullom","Illinois"
"60930","IL","40.823527","-87.98740","Danforth","Illinois"
"60931","IL","40.876303","-87.60159","Donovan","Illinois"
"60932","IL","40.465251","-87.80112","East Lynn","Illinois"
"60933","IL","40.465744","-88.26994","Elliott","Illinois"
"60934","IL","40.966528","-88.34937","Emington","Illinois"
"60935","IL","41.175690","-88.17268","Essex","Illinois"
"60936","IL","40.463079","-88.37310","Gibson City","Illinois"
"60938","IL","40.767194","-87.98929","Gilman","Illinois"
"60940","IL","41.244016","-87.64464","Grant Park","Illinois"
"60941","IL","41.051130","-88.08957","Herscher","Illinois"
"60942","IL","40.465869","-87.66766","Hoopeston","Illinois"
"60945","IL","40.827011","-87.58356","Iroquois","Illinois"
"60946","IL","40.908942","-88.21304","Kempton","Illinois"
"60948","IL","40.526477","-88.08210","Loda","Illinois"
"60949","IL","40.375602","-88.11524","Ludlow","Illinois"
"60950","IL","41.250408","-87.85125","Manteno","Illinois"
"60951","IL","40.912916","-87.75589","Martinton","Illinois"
"60952","IL","40.562833","-88.25053","Melvin","Illinois"
"60953","IL","40.624025","-87.69618","Milford","Illinois"
"60954","IL","41.147918","-87.63579","Momence","Illinois"
"60955","IL","40.706634","-87.99624","Onarga","Illinois"
"60957","IL","40.448736","-88.11405","Paxton","Illinois"
"60959","IL","40.779834","-88.18012","Piper City","Illinois"
"60960","IL","40.439688","-87.89016","Rankin","Illinois"
"60961","IL","41.105629","-88.23794","Reddick","Illinois"
"60962","IL","40.625486","-88.18667","Roberts","Illinois"
"60963","IL","40.372447","-87.66030","Rossville","Illinois"
"60964","IL","41.045785","-87.68963","Saint Anne","Illinois"
"60966","IL","40.762507","-87.57423","Sheldon","Illinois"
"60967","IL","40.613942","-87.59259","Stockland","Illinois"
"60968","IL","40.675600","-88.10761","Thawville","Illinois"
"60969","IL","41.109101","-88.14732","Union Hill","Illinois"
"60970","IL","40.784447","-87.74051","Watseka","Illinois"
"60973","IL","40.543697","-87.66475","Wellington","Illinois"
"60974","IL","40.710295","-87.73137","Woodland","Illinois"
"609HH","IL","41.062961","-87.82776","","Illinois"
"61001","IL","42.472458","-90.12098","Apple River","Illinois"
"61006","IL","41.865034","-89.21536","Ashton","Illinois"
"61007","IL","42.199457","-89.59662","Baileyville","Illinois"
"61008","IL","42.257229","-88.84755","Belvidere","Illinois"
"61010","IL","42.131245","-89.26637","Byron","Illinois"
"61011","IL","42.376423","-88.93250","Caledonia","Illinois"
"61012","IL","42.401104","-88.74726","Capron","Illinois"
"61013","IL","42.375078","-89.63382","Cedarville","Illinois"
"61014","IL","41.970680","-89.87508","Chadwick","Illinois"
"61015","IL","41.982993","-89.21280","Chana","Illinois"
"61016","IL","42.222221","-88.95430","Cherry Valley","Illinois"
"61018","IL","42.403305","-89.55466","Dakota","Illinois"
"61019","IL","42.440374","-89.40925","Davis","Illinois"
"61020","IL","42.101928","-89.09369","Davis Junction","Illinois"
"61021","IL","41.843702","-89.47636","Dixon","Illinois"
"61024","IL","42.436585","-89.30394","Durand","Illinois"
"61025","IL","42.483971","-90.58945","East Dubuque","Illinois"
"61028","IL","42.298773","-90.17778","Elizabeth","Illinois"
"61030","IL","42.119619","-89.58242","Forreston","Illinois"
"61031","IL","41.840360","-89.31176","Franklin Grove","Illinois"
"61032","IL","42.300918","-89.63208","Freeport","Illinois"
"61036","IL","42.400744","-90.39738","Galena","Illinois"
"61037","IL","41.788761","-89.76182","Galt","Illinois"
"61038","IL","42.255617","-88.74344","Garden Prairie","Illinois"
"61039","IL","42.213851","-89.47449","German Valley","Illinois"
"61041","IL","42.270426","-90.31077","Hanover","Illinois"
"61042","IL","41.693390","-89.56986","Harmon","Illinois"
"61044","IL","42.320303","-89.91237","Kent","Illinois"
"61046","IL","42.111421","-89.82436","Lanark","Illinois"
"61047","IL","42.139244","-89.39680","Egan","Illinois"
"61048","IL","42.381064","-89.83062","Lena","Illinois"
"61049","IL","42.054546","-89.02456","Lindenwood","Illinois"
"61050","IL","42.444700","-89.72708","Mc Connell","Illinois"
"61051","IL","41.965904","-89.75896","Milledgeville","Illinois"
"61052","IL","42.110548","-89.00751","Monroe Center","Illinois"
"61053","IL","42.100900","-89.98255","Mount Carroll","Illinois"
"61054","IL","42.046139","-89.44025","Mount Morris","Illinois"
"61057","IL","41.830896","-89.39613","Nachusa","Illinois"
"61059","IL","42.455036","-89.94561","Nora","Illinois"
"61060","IL","42.475891","-89.63404","Orangeville","Illinois"
"61061","IL","42.006630","-89.33932","Oregon","Illinois"
"61062","IL","42.250987","-89.83571","Pearl City","Illinois"
"61063","IL","42.307665","-89.34453","Pecatonica","Illinois"
"61064","IL","41.989386","-89.59084","Polo","Illinois"
"61065","IL","42.364394","-88.84665","Poplar Grove","Illinois"
"61067","IL","42.298218","-89.47652","Ridott","Illinois"
"61068","IL","41.935139","-89.06891","Rochelle","Illinois"
"61070","IL","42.407384","-89.46228","Rock City","Illinois"
"61071","IL","41.759473","-89.69452","Rock Falls","Illinois"
"61072","IL","42.447856","-89.08485","Rockton","Illinois"
"61073","IL","42.419097","-89.00407","Roscoe","Illinois"
"61074","IL","42.099635","-90.12858","Savanna","Illinois"
"61075","IL","42.473737","-90.25362","Scales Mound","Illinois"
"61077","IL","42.236813","-89.35828","Seward","Illinois"
"61078","IL","42.158340","-89.73555","Shannon","Illinois"
"61080","IL","42.484835","-89.02756","South Beloit","Illinois"
"61081","IL","41.813776","-89.70537","Sterling","Illinois"
"61084","IL","42.112207","-89.18633","Stillman Valley","Illinois"
"61085","IL","42.350108","-90.02362","Stockton","Illinois"
"61087","IL","42.491388","-89.98979","Warren","Illinois"
"61088","IL","42.271385","-89.25099","Winnebago","Illinois"
"61089","IL","42.475078","-89.81607","Winslow","Illinois"
"61091","IL","41.905844","-89.54255","Woosung","Illinois"
"610HH","IL","42.048416","-89.34376","","Illinois"
"61101","IL","42.292221","-89.12574","Rockford","Illinois"
"61102","IL","42.255170","-89.12970","Rockford","Illinois"
"61103","IL","42.303365","-89.08246","Rockford","Illinois"
"61104","IL","42.255370","-89.07602","Rockford","Illinois"
"61107","IL","42.280019","-89.03347","Rockford","Illinois"
"61108","IL","42.254087","-89.01776","Rockford","Illinois"
"61109","IL","42.213439","-89.05595","Rockford","Illinois"
"61111","IL","42.326227","-89.02573","Loves Park","Illinois"
"61112","IL","42.245596","-88.97586","Rockford","Illinois"
"61114","IL","42.306666","-89.00839","Rockford","Illinois"
"61115","IL","42.352539","-89.04186","Machesney Park","Illinois"
"611HH","IL","42.273552","-89.08841","","Illinois"
"61201","IL","41.490300","-90.56956","Rock Island","Illinois"
"61230","IL","41.766003","-90.22322","Albany","Illinois"
"61231","IL","41.202461","-90.73137","Aledo","Illinois"
"61232","IL","41.440852","-90.71957","Andalusia","Illinois"
"61233","IL","41.292977","-90.29334","Andover","Illinois"
"61234","IL","41.412944","-89.92236","Annawan","Illinois"
"61235","IL","41.409646","-90.01821","Atkinson","Illinois"
"61236","IL","41.518317","-90.35597","Barstow","Illinois"
"61238","IL","41.286797","-90.17486","Cambridge","Illinois"
"61239","IL","41.497667","-90.39047","Carbon Cliff","Illinois"
"61240","IL","41.439784","-90.42800","Coal Valley","Illinois"
"61241","IL","41.483484","-90.34046","Green Rock","Illinois"
"61242","IL","41.697188","-90.30177","Cordova","Illinois"
"61243","IL","41.610151","-89.66298","Deer Grove","Illinois"
"61244","IL","41.518733","-90.41788","East Moline","Illinois"
"61250","IL","41.657803","-90.08613","Erie","Illinois"
"61251","IL","41.738551","-90.06922","Fenton","Illinois"
"61252","IL","41.863049","-90.14524","Fulton","Illinois"
"61254","IL","41.464473","-90.15854","Geneseo","Illinois"
"61256","IL","41.554666","-90.40987","Hampton","Illinois"
"61257","IL","41.590161","-90.20392","Hillsdale","Illinois"
"61259","IL","41.369036","-90.92840","Illinois City","Illinois"
"61260","IL","41.228561","-90.87565","Joy","Illinois"
"61261","IL","41.719782","-89.92116","Lyndon","Illinois"
"61262","IL","41.285950","-90.36117","Lynn Center","Illinois"
"61263","IL","41.260255","-90.60587","Matherville","Illinois"
"61264","IL","41.426583","-90.57639","Milan","Illinois"
"61265","IL","41.490333","-90.50006","Moline","Illinois"
"61270","IL","41.819003","-89.96623","Morrison","Illinois"
"61272","IL","41.223984","-91.01230","New Boston","Illinois"
"61273","IL","41.357236","-90.38482","Orion","Illinois"
"61274","IL","41.372408","-90.27031","Osco","Illinois"
"61275","IL","41.599642","-90.31978","Port Byron","Illinois"
"61276","IL","41.305890","-90.59790","Preemption","Illinois"
"61277","IL","41.612038","-89.93036","Prophetstown","Illinois"
"61279","IL","41.316530","-90.70671","Reynolds","Illinois"
"61281","IL","41.303101","-90.50615","Sherrard","Illinois"
"61282","IL","41.501234","-90.41404","Silvis","Illinois"
"61283","IL","41.605825","-89.77628","Tampico","Illinois"
"61284","IL","41.406276","-90.73500","Taylor Ridge","Illinois"
"61285","IL","41.978758","-90.09248","Thomson","Illinois"
"612HH","IL","41.539672","-90.42338","","Illinois"
"61301","IL","41.347117","-89.08974","La Salle","Illinois"
"61310","IL","41.707588","-89.34371","Amboy","Illinois"
"61311","IL","41.042878","-88.86268","Ancona","Illinois"
"61312","IL","41.435197","-89.23432","Arlington","Illinois"
"61313","IL","41.064946","-88.66836","Blackstone","Illinois"
"61314","IL","41.310471","-89.67662","Buda","Illinois"
"61315","IL","41.289819","-89.37069","Bureau","Illinois"
"61316","IL","41.261853","-89.12523","Cedar Point","Illinois"
"61317","IL","41.427600","-89.21243","Cherry","Illinois"
"61318","IL","41.710715","-89.07807","Compton","Illinois"
"61319","IL","41.011259","-88.74854","Manville","Illinois"
"61320","IL","41.350864","-89.17366","Dalzell","Illinois"
"61321","IL","40.963663","-88.97932","Dana","Illinois"
"61322","IL","41.321814","-89.30860","Depue","Illinois"
"61323","IL","41.435327","-89.39583","Dover","Illinois"
"61324","IL","41.770952","-89.41267","Eldena","Illinois"
"61325","IL","41.234167","-88.82807","Grand Ridge","Illinois"
"61326","IL","41.264159","-89.23655","Granville","Illinois"
"61327","IL","41.252101","-89.32451","Hennepin","Illinois"
"61328","IL","41.504603","-89.46289","Kasbeer","Illinois"
"61329","IL","41.380259","-89.21239","Ladd","Illinois"
"61330","IL","41.533640","-89.27691","La Moille","Illinois"
"61331","IL","41.747471","-89.27713","Lee Center","Illinois"
"61332","IL","41.190024","-88.98238","Leonore","Illinois"
"61333","IL","40.990965","-88.88278","Long Point","Illinois"
"61334","IL","41.144329","-89.08815","Lostant","Illinois"
"61335","IL","41.168946","-89.22050","Mc Nabb","Illinois"
"61336","IL","41.111077","-89.21207","Magnolia","Illinois"
"61337","IL","41.427282","-89.36622","Malden","Illinois"
"61338","IL","41.454700","-89.66966","Manlius","Illinois"
"61340","IL","41.265597","-89.25106","Mark","Illinois"
"61341","IL","41.336202","-88.69727","Marseilles","Illinois"
"61342","IL","41.543149","-89.10696","Mendota","Illinois"
"61344","IL","41.394429","-89.84111","Mineral","Illinois"
"61345","IL","41.280262","-89.79442","Neponset","Illinois"
"61346","IL","41.513879","-89.71842","New Bedford","Illinois"
"61348","IL","41.292401","-89.05943","Oglesby","Illinois"
"61349","IL","41.543342","-89.44078","Ohio","Illinois"
"61350","IL","41.352630","-88.84734","Ottawa","Illinois"
"61353","IL","41.690735","-88.98815","Paw Paw","Illinois"
"61354","IL","41.330789","-89.12990","Peru","Illinois"
"61356","IL","41.372528","-89.44315","Princeton","Illinois"
"61358","IL","40.986256","-89.04364","Rutland","Illinois"
"61359","IL","41.363772","-89.26975","Seatonville","Illinois"
"61360","IL","41.320345","-88.61017","Seneca","Illinois"
"61361","IL","41.400837","-89.74444","Sheffield","Illinois"
"61362","IL","41.332908","-89.20847","Spring Valley","Illinois"
"61363","IL","41.256450","-89.17901","Standard","Illinois"
"61364","IL","41.129482","-88.83666","Streator","Illinois"
"61367","IL","41.638122","-89.26889","Sublette","Illinois"
"61368","IL","41.279825","-89.50492","Tiskilwa","Illinois"
"61369","IL","40.992084","-89.15231","Toluca","Illinois"
"61370","IL","41.210760","-89.03886","Tonica","Illinois"
"61372","IL","41.466102","-89.07794","Troy Grove","Illinois"
"61373","IL","41.370610","-89.01490","Utica","Illinois"
"61374","IL","41.543813","-89.35449","Van Orin","Illinois"
"61375","IL","41.037822","-89.25682","Varna","Illinois"
"61376","IL","41.546706","-89.60081","Normandy","Illinois"
"61377","IL","41.057649","-89.04788","Wenona","Illinois"
"61378","IL","41.722744","-89.15601","West Brooklyn","Illinois"
"61379","IL","41.369056","-89.60321","Wyanet","Illinois"
"613HH","IL","41.318983","-88.97169","","Illinois"
"61401","IL","40.948073","-90.36871","Galesburg","Illinois"
"61410","IL","40.802633","-90.39766","Abingdon","Illinois"
"61411","IL","40.401282","-90.50153","Adair","Illinois"
"61412","IL","41.067549","-90.57994","Alexis","Illinois"
"61413","IL","41.189123","-90.36813","Alpha","Illinois"
"61414","IL","41.117342","-90.16063","Altona","Illinois"
"61415","IL","40.661165","-90.43908","Avon","Illinois"
"61416","IL","40.496817","-90.56334","Bardolph","Illinois"
"61417","IL","40.781504","-90.52901","Berwick","Illinois"
"61418","IL","40.854865","-90.85925","Biggsville","Illinois"
"61419","IL","41.200711","-90.11832","Bishop Hill","Illinois"
"61420","IL","40.555678","-90.87087","Blandinsville","Illinois"
"61421","IL","41.174037","-89.65849","Bradford","Illinois"
"61422","IL","40.550883","-90.51766","Bushnell","Illinois"
"61423","IL","40.889288","-90.50529","Cameron","Illinois"
"61424","IL","41.073398","-89.63015","Camp Grove","Illinois"
"61425","IL","40.778519","-91.05902","Carman","Illinois"
"61426","IL","41.118359","-89.70575","Castleton","Illinois"
"61427","IL","40.499297","-90.17764","Cuba","Illinois"
"61428","IL","40.952695","-90.12141","Dahinda","Illinois"
"61430","IL","40.943990","-90.31205","East Galesburg","Illinois"
"61431","IL","40.617275","-90.29556","Ellisville","Illinois"
"61432","IL","40.642927","-90.17174","Fairview","Illinois"
"61434","IL","41.172197","-90.03901","Galva","Illinois"
"61435","IL","40.972589","-90.54835","Gerlaw","Illinois"
"61436","IL","40.859964","-90.22212","Gilson","Illinois"
"61437","IL","40.854247","-90.96542","Gladstone","Illinois"
"61438","IL","40.579737","-90.64691","Good Hope","Illinois"
"61439","IL","41.025720","-90.35566","Henderson","Illinois"
"61440","IL","40.324365","-90.60351","Industry","Illinois"
"61441","IL","40.337555","-90.30458","Ipava","Illinois"
"61442","IL","41.092081","-90.92743","Keithsburg","Illinois"
"61443","IL","41.247536","-89.92848","Kewanee","Illinois"
"61447","IL","40.867285","-90.75759","Kirkwood","Illinois"
"61448","IL","40.910079","-90.27171","Knoxville","Illinois"
"61449","IL","41.098764","-89.97361","La Fayette","Illinois"
"61450","IL","40.567399","-90.97066","La Harpe","Illinois"
"61451","IL","40.953365","-89.94259","Laura","Illinois"
"61452","IL","40.249363","-90.66845","Littleton","Illinois"
"61453","IL","41.010666","-90.75393","Little York","Illinois"
"61454","IL","40.685436","-91.05207","Lomax","Illinois"
"61455","IL","40.456986","-90.66810","Macomb","Illinois"
"61458","IL","40.776079","-90.19380","Maquon","Illinois"
"61459","IL","40.503305","-90.41808","Marietta","Illinois"
"61460","IL","40.734056","-90.82654","Media","Illinois"
"61462","IL","40.918849","-90.64466","Monmouth","Illinois"
"61465","IL","41.200936","-90.45631","New Windsor","Illinois"
"61466","IL","41.100353","-90.46726","North Henderson","Illinois"
"61467","IL","41.069414","-90.24177","Oneida","Illinois"
"61468","IL","41.254936","-90.40384","Ophiem","Illinois"
"61469","IL","40.957929","-90.93608","Oquawka","Illinois"
"61470","IL","40.614899","-90.47345","Prairie City","Illinois"
"61471","IL","40.696535","-90.82607","Raritan","Illinois"
"61472","IL","41.105401","-90.38717","Rio","Illinois"
"61473","IL","40.705950","-90.65724","Roseville","Illinois"
"61474","IL","40.740729","-90.37946","Saint Augustine","Illinois"
"61475","IL","40.581413","-90.76120","Sciota","Illinois"
"61476","IL","41.095037","-90.80998","Seaton","Illinois"
"61477","IL","40.500643","-90.31576","Smithfield","Illinois"
"61478","IL","40.777241","-90.76454","Smithshire","Illinois"
"61479","IL","40.999497","-89.65429","Speer","Illinois"
"61480","IL","40.727428","-90.91347","Stronghurst","Illinois"
"61482","IL","40.368358","-90.42469","Table Grove","Illinois"
"61483","IL","41.096380","-89.86649","Toulon","Illinois"
"61484","IL","40.292388","-90.42833","Vermont","Illinois"
"61485","IL","41.025484","-90.08422","Victoria","Illinois"
"61486","IL","41.195087","-90.57923","Viola","Illinois"
"61488","IL","41.030951","-90.29705","Wataga","Illinois"
"61489","IL","40.929497","-90.01888","Williamsfield","Illinois"
"61490","IL","41.183299","-90.27637","Woodhull","Illinois"
"61491","IL","41.068691","-89.76033","Wyoming","Illinois"
"614HH","IL","40.905425","-90.99201","","Illinois"
"61501","IL","40.234249","-90.32941","Astoria","Illinois"
"61516","IL","40.850381","-89.11878","Benson","Illinois"
"61517","IL","40.816162","-89.84131","Brimfield","Illinois"
"61519","IL","40.466397","-90.09632","Bryant","Illinois"
"61520","IL","40.552853","-90.02794","Canton","Illinois"
"61523","IL","40.914377","-89.50654","Chillicothe","Illinois"
"61524","IL","40.490965","-90.03285","Dunfermline","Illinois"
"61525","IL","40.849036","-89.65554","Dunlap","Illinois"
"61526","IL","40.936244","-89.62000","Edelstein","Illinois"
"61528","IL","40.776845","-89.74010","Edwards","Illinois"
"61529","IL","40.780415","-89.95565","Elmwood","Illinois"
"61530","IL","40.718228","-89.27153","Eureka","Illinois"
"61531","IL","40.688470","-90.02166","Middlegrove","Illinois"
"61532","IL","40.357560","-89.82389","Forest City","Illinois"
"61533","IL","40.577778","-89.82970","Glasford","Illinois"
"61534","IL","40.409430","-89.65687","Green Valley","Illinois"
"61535","IL","40.590353","-89.54053","Groveland","Illinois"
"61536","IL","40.690205","-89.78042","Hanna City","Illinois"
"61537","IL","41.113829","-89.38486","Henry","Illinois"
"61539","IL","40.558329","-89.76891","Kingston Mines","Illinois"
"61540","IL","41.030697","-89.38586","Lacon","Illinois"
"61541","IL","40.975736","-89.23943","La Rose","Illinois"
"61542","IL","40.393090","-90.13748","Lewistown","Illinois"
"61543","IL","40.392048","-89.99885","Liverpool","Illinois"
"61544","IL","40.688615","-90.24422","London Mills","Illinois"
"61545","IL","40.873236","-89.37082","Cazenovia","Illinois"
"61546","IL","40.442037","-89.78797","Manito","Illinois"
"61547","IL","40.619174","-89.72628","Mapleton","Illinois"
"61548","IL","40.784412","-89.40841","Metamora","Illinois"
"61550","IL","40.613788","-89.46031","Morton","Illinois"
"61552","IL","40.817587","-89.56654","Mossville","Illinois"
"61554","IL","40.567088","-89.63382","Pekin","Illinois"
"61559","IL","40.935608","-89.76802","Princeville","Illinois"
"61560","IL","41.198061","-89.43131","Putnam","Illinois"
"61561","IL","40.795911","-89.19419","Roanoke","Illinois"
"61563","IL","40.489747","-90.05501","Saint David","Illinois"
"61564","IL","40.492710","-89.65194","South Pekin","Illinois"
"61565","IL","41.036199","-89.48336","Sparland","Illinois"
"61567","IL","40.340202","-89.90929","Topeka","Illinois"
"61568","IL","40.513656","-89.47408","Tremont","Illinois"
"61569","IL","40.691022","-89.89138","Trivoli","Illinois"
"61570","IL","40.920631","-89.29547","Washburn","Illinois"
"61571","IL","40.701037","-89.44294","Sunnyland","Illinois"
"61572","IL","40.796752","-90.02866","Yates City","Illinois"
"615HH","IL","40.828109","-89.54517","","Illinois"
"61602","IL","40.677987","-89.60864","Peoria","Illinois"
"61603","IL","40.712887","-89.57904","Peoria Heights","Illinois"
"61604","IL","40.709237","-89.63633","Peoria","Illinois"
"61605","IL","40.678037","-89.62737","Peoria","Illinois"
"61606","IL","40.699137","-89.60972","Peoria","Illinois"
"61607","IL","40.642049","-89.67147","Bartonville","Illinois"
"61610","IL","40.643846","-89.59908","Creve Coeur","Illinois"
"61611","IL","40.683387","-89.54493","East Peoria","Illinois"
"61614","IL","40.755343","-89.59799","Peoria Heights","Illinois"
"61615","IL","40.764368","-89.64480","Peoria","Illinois"
"616HH","IL","40.691751","-89.57964","","Illinois"
"61701","IL","40.477286","-88.99592","Bloomington","Illinois"
"61704","IL","40.459584","-88.96939","Bloomington","Illinois"
"61720","IL","40.553838","-88.51010","Anchor","Illinois"
"61721","IL","40.341123","-89.32028","Armington","Illinois"
"61722","IL","40.434885","-88.62237","Arrowsmith","Illinois"
"61723","IL","40.256893","-89.25013","Atlanta","Illinois"
"61724","IL","40.336763","-88.52604","Bellflower","Illinois"
"61725","IL","40.600045","-89.13627","Carlock","Illinois"
"61726","IL","40.740106","-88.70948","Chenoa","Illinois"
"61727","IL","40.145501","-88.96776","Clinton","Illinois"
"61728","IL","40.569440","-88.62727","Colfax","Illinois"
"61729","IL","40.619306","-89.22353","Congerville","Illinois"
"61730","IL","40.537652","-88.73274","Cooksville","Illinois"
"61731","IL","40.607615","-88.49000","Cropsey","Illinois"
"61732","IL","40.528515","-89.19057","Danvers","Illinois"
"61733","IL","40.615875","-89.32778","Deer Creek","Illinois"
"61734","IL","40.369256","-89.54251","Delavan","Illinois"
"61735","IL","40.193547","-88.79575","Dewitt","Illinois"
"61736","IL","40.395487","-88.84980","Holder","Illinois"
"61737","IL","40.450325","-88.72052","Ellsworth","Illinois"
"61738","IL","40.731662","-89.03978","El Paso","Illinois"
"61739","IL","40.741158","-88.51546","Fairbury","Illinois"
"61740","IL","40.882858","-88.85739","Flanagan","Illinois"
"61741","IL","40.756972","-88.40479","Forrest","Illinois"
"61742","IL","40.628105","-89.28004","Goodfield","Illinois"
"61743","IL","40.877451","-88.77780","Graymont","Illinois"
"61744","IL","40.740729","-88.88791","Gridley","Illinois"
"61745","IL","40.321220","-88.97442","Heyworth","Illinois"
"61747","IL","40.422027","-89.42614","Hopedale","Illinois"
"61748","IL","40.627948","-88.97711","Hudson","Illinois"
"61749","IL","40.091729","-89.10358","Kenney","Illinois"
"61750","IL","40.122884","-88.85664","Lane","Illinois"
"61752","IL","40.345004","-88.75786","Le Roy","Illinois"
"61753","IL","40.638720","-88.79230","Lexington","Illinois"
"61754","IL","40.321811","-89.15864","Mc Lean","Illinois"
"61755","IL","40.533634","-89.34345","Mackinaw","Illinois"
"61756","IL","40.027071","-88.96715","Maroa","Illinois"
"61758","IL","40.528350","-88.84075","Merna","Illinois"
"61759","IL","40.431577","-89.32013","Minier","Illinois"
"61760","IL","40.893593","-89.03266","Minonk","Illinois"
"61761","IL","40.515485","-88.98629","Normal","Illinois"
"61764","IL","40.884053","-88.63376","Pontiac","Illinois"
"61769","IL","40.885397","-88.39957","Saunemin","Illinois"
"61770","IL","40.430727","-88.52548","Saybrook","Illinois"
"61771","IL","40.738973","-89.13579","Secor","Illinois"
"61772","IL","40.399689","-89.06088","Shirley","Illinois"
"61773","IL","40.584937","-88.38028","Sibley","Illinois"
"61774","IL","40.426186","-89.21070","Stanford","Illinois"
"61775","IL","40.653799","-88.39026","Strawn","Illinois"
"61776","IL","40.574936","-88.88696","Towanda","Illinois"
"61777","IL","40.240627","-88.96635","Wapella","Illinois"
"61778","IL","40.242378","-89.10870","Waynesville","Illinois"
"617HH","IL","40.225839","-88.82033","","Illinois"
"61801","IL","40.109647","-88.21246","Urbana","Illinois"
"61802","IL","40.121648","-88.17649","Urbana","Illinois"
"61810","IL"," 39.909736","-87.93384","Allerton","Illinois"
"61811","IL","40.293159","-87.61401","Alvin","Illinois"
"61812","IL","40.273630","-87.88919","Armstrong","Illinois"
"61813","IL"," 39.918042","-88.56139","Bement","Illinois"
"61814","IL","40.231345","-87.58163","Bismarck","Illinois"
"61815","IL","40.112616","-88.37080","Bondville","Illinois"
"61816","IL"," 39.916130","-88.00203","Broadlands","Illinois"
"61817","IL","40.059068","-87.70376","Catlin","Illinois"
"61818","IL"," 39.889596","-88.72633","Cerro Gordo","Illinois"
"61820","IL","40.114931","-88.24322","Champaign","Illinois"
"61821","IL","40.108631","-88.27330","Champaign","Illinois"
"61822","IL","40.126854","-88.29315","Champaign","Illinois"
"61830","IL","40.020978","-88.72247","Cisco","Illinois"
"61831","IL","40.215900","-87.78418","Collison","Illinois"
"61832","IL","40.133786","-87.62898","Danville","Illinois"
"61833","IL","40.096186","-87.64569","Tilton","Illinois"
"61834","IL","40.175463","-87.61240","Danville","Illinois"
"61839","IL","40.139336","-88.62966","De Land","Illinois"
"61840","IL","40.310244","-88.30526","Dewey","Illinois"
"61841","IL","40.039632","-87.83052","Fairmount","Illinois"
"61842","IL","40.251945","-88.65279","Farmer City","Illinois"
"61843","IL","40.313921","-88.37420","Fisher","Illinois"
"61844","IL","40.126299","-87.86871","Fithian","Illinois"
"61845","IL","40.376141","-88.41350","Foosland","Illinois"
"61846","IL"," 39.974120","-87.63138","Georgetown","Illinois"
"61847","IL","40.310063","-88.01922","Gifford","Illinois"
"61848","IL","40.306282","-87.70192","Henning","Illinois"
"61849","IL","40.028716","-87.95760","Homer","Illinois"
"61850","IL"," 39.928040","-87.73629","Indianola","Illinois"
"61851","IL"," 39.950391","-88.43939","Ivesdale","Illinois"
"61852","IL"," 39.901988","-88.07537","Longview","Illinois"
"61853","IL","40.205916","-88.40295","Mahomet","Illinois"
"61854","IL","40.213607","-88.52960","Mansfield","Illinois"
"61855","IL"," 39.919693","-88.67859","Milmine","Illinois"
"61856","IL","40.033400","-88.57375","Monticello","Illinois"
"61857","IL","40.115940","-87.84208","Muncie","Illinois"
"61858","IL","40.121098","-87.74657","Oakwood","Illinois"
"61859","IL","40.149486","-87.96347","Ogden","Illinois"
"61862","IL","40.296282","-87.95553","Penfield","Illinois"
"61863","IL"," 39.907919","-88.27977","Pesotum","Illinois"
"61864","IL"," 39.989282","-88.15174","Philo","Illinois"
"61865","IL","40.306774","-87.80716","Potomac","Illinois"
"61866","IL","40.307065","-88.15575","Rantoul","Illinois"
"61870","IL"," 39.902410","-87.62722","Ridge Farm","Illinois"
"61871","IL","40.192015","-87.97138","Royal","Illinois"
"61872","IL"," 39.945328","-88.36389","Sadorus","Illinois"
"61873","IL","40.124202","-88.03401","Saint Joseph","Illinois"
"61874","IL","40.061694","-88.25023","Savoy","Illinois"
"61875","IL","40.107548","-88.42487","Seymour","Illinois"
"61876","IL"," 39.907331","-87.82587","Sidell","Illinois"
"61877","IL","40.004053","-88.07693","Sidney","Illinois"
"61878","IL","40.243692","-88.17296","Thomasboro","Illinois"
"61880","IL"," 39.981936","-88.25320","Tolono","Illinois"
"61882","IL","40.119483","-88.75367","Weldon","Illinois"
"61883","IL","40.040115","-87.63685","Westville","Illinois"
"61884","IL","40.103110","-88.49744","White Heath","Illinois"
"618HH","IL","40.113178","-87.69355","","Illinois"
"61910","IL"," 39.676634","-88.30284","Arcola","Illinois"
"61911","IL"," 39.704391","-88.45985","Arthur","Illinois"
"61912","IL"," 39.529566","-88.03349","Ashmore","Illinois"
"61913","IL"," 39.809929","-88.45309","Atwood","Illinois"
"61914","IL"," 39.639487","-88.74383","Bethany","Illinois"
"61917","IL"," 39.706131","-87.91691","Brocton","Illinois"
"61919","IL"," 39.783794","-88.13861","Camargo","Illinois"
"61920","IL"," 39.496547","-88.17348","Charleston","Illinois"
"61924","IL"," 39.786334","-87.66325","Chrisman","Illinois"
"61925","IL"," 39.719012","-88.82227","Dalton City","Illinois"
"61928","IL"," 39.452740","-88.51440","Gays","Illinois"
"61929","IL"," 39.806718","-88.60870","Hammond","Illinois"
"61930","IL"," 39.685822","-88.11971","Hindsboro","Illinois"
"61931","IL"," 39.594770","-88.34792","Humboldt","Illinois"
"61932","IL"," 39.797661","-87.87017","Hume","Illinois"
"61933","IL"," 39.556054","-87.92289","Kansas","Illinois"
"61936","IL"," 39.800512","-88.71835","La Place","Illinois"
"61937","IL"," 39.724744","-88.62995","Lovington","Illinois"
"61938","IL"," 39.474889","-88.37421","Mattoon","Illinois"
"61940","IL"," 39.805101","-87.81014","Metcalf","Illinois"
"61941","IL"," 39.801562","-88.07823","Murdock","Illinois"
"61942","IL"," 39.802798","-87.99744","Newman","Illinois"
"61943","IL"," 39.655063","-88.01806","Oakland","Illinois"
"61944","IL"," 39.608494","-87.69958","Paris","Illinois"
"61949","IL"," 39.646359","-87.86014","Redmon","Illinois"
"61951","IL"," 39.582494","-88.60210","Sullivan","Illinois"
"61953","IL"," 39.793493","-88.29184","Tuscola","Illinois"
"61956","IL"," 39.858506","-88.15018","Villa Grove","Illinois"
"61957","IL"," 39.434148","-88.60033","Windsor","Illinois"
"619HH","IL"," 39.459840","-88.14014","","Illinois"
"62001","IL"," 38.884434","-89.74886","Alhambra","Illinois"
"62002","IL"," 38.906065","-90.15909","Alton","Illinois"
"62006","IL"," 39.079147","-90.67372","Batchtown","Illinois"
"62009","IL"," 39.092526","-89.80290","Benld","Illinois"
"62010","IL"," 38.912297","-90.04300","Bethalto","Illinois"
"62011","IL"," 39.112040","-89.21340","Bingham","Illinois"
"62012","IL"," 39.038752","-90.13819","Brighton","Illinois"
"62013","IL"," 38.968323","-90.58121","Meppen","Illinois"
"62014","IL"," 39.039382","-89.94935","Bunker Hill","Illinois"
"62015","IL"," 39.212833","-89.55969","Butler","Illinois"
"62016","IL"," 39.301561","-90.41674","Carrollton","Illinois"
"62017","IL"," 39.081889","-89.37787","Coffeen","Illinois"
"62018","IL"," 38.905998","-90.08306","Cottage Hills","Illinois"
"62019","IL"," 39.017877","-89.46415","Donnellson","Illinois"
"62021","IL"," 38.976011","-89.97461","Dorsey","Illinois"
"62022","IL"," 38.997296","-90.34050","Dow","Illinois"
"62023","IL"," 39.110422","-89.78428","Eagarville","Illinois"
"62024","IL"," 38.868136","-90.08023","East Alton","Illinois"
"62025","IL"," 38.819297","-89.95510","Edwardsville","Illinois"
"62027","IL"," 39.241734","-90.54614","Eldred","Illinois"
"62028","IL"," 38.958848","-90.35383","Elsah","Illinois"
"62030","IL"," 39.155608","-90.16490","Fidelity","Illinois"
"62031","IL"," 39.103735","-90.54252","Fieldon","Illinois"
"62032","IL"," 39.114972","-89.28092","Fillmore","Illinois"
"62033","IL"," 39.127717","-89.82880","Dorchester","Illinois"
"62034","IL"," 38.755920","-89.97442","Glen Carbon","Illinois"
"62035","IL"," 38.947841","-90.22160","Godfrey","Illinois"
"62036","IL"," 38.913840","-90.57421","Golden Eagle","Illinois"
"62037","IL"," 38.985138","-90.44563","Grafton","Illinois"
"62040","IL"," 38.720938","-90.11431","Mitchell","Illinois"
"62044","IL"," 39.362285","-90.22147","Greenfield","Illinois"
"62045","IL"," 39.236358","-90.71359","Hamburg","Illinois"
"62046","IL"," 38.889879","-89.84638","Hamel","Illinois"
"62047","IL"," 39.128014","-90.61590","Hardin","Illinois"
"62048","IL"," 38.833898","-90.09533","Hartford","Illinois"
"62049","IL"," 39.146809","-89.48442","Hillsboro","Illinois"
"62050","IL"," 39.430595","-90.54502","Hillview","Illinois"
"62051","IL"," 39.205747","-89.40909","Irving","Illinois"
"62052","IL"," 39.114762","-90.32442","Jerseyville","Illinois"
"62053","IL"," 39.322422","-90.64246","Kampsville","Illinois"
"62054","IL"," 39.192501","-90.34541","Kane","Illinois"
"62056","IL"," 39.179875","-89.65721","Litchfield","Illinois"
"62058","IL"," 38.967324","-89.76133","Livingston","Illinois"
"62059","IL"," 38.656500","-90.16643","Lovejoy","Illinois"
"62060","IL"," 38.680700","-90.15411","Madison","Illinois"
"62061","IL"," 38.789560","-89.77538","Marine","Illinois"
"62062","IL"," 38.726548","-89.95720","Maryville","Illinois"
"62063","IL"," 39.188838","-90.14654","Medora","Illinois"
"62065","IL"," 39.235652","-90.62842","Michael","Illinois"
"62067","IL"," 38.919730","-90.01241","Moro","Illinois"
"62069","IL"," 39.077557","-89.73423","Mount Olive","Illinois"
"62070","IL"," 39.328077","-90.76896","Mozier","Illinois"
"62074","IL"," 38.964162","-89.68226","New Douglas","Illinois"
"62075","IL"," 39.299771","-89.28640","Nokomis","Illinois"
"62077","IL"," 39.031623","-89.52280","Panama","Illinois"
"62078","IL"," 39.477337","-90.48002","Patterson","Illinois"
"62079","IL"," 39.115848","-90.13336","Piasa","Illinois"
"62080","IL"," 39.136284","-89.10348","Ramsey","Illinois"
"62081","IL"," 39.261499","-90.23039","Rockbridge","Illinois"
"62082","IL"," 39.481469","-90.33999","Roodhouse","Illinois"
"62083","IL"," 39.354674","-89.19993","Rosamond","Illinois"
"62084","IL"," 38.849400","-90.08536","Roxana","Illinois"
"62085","IL"," 39.078047","-89.80626","Sawyerville","Illinois"
"62086","IL"," 38.996375","-89.57044","Sorento","Illinois"
"62087","IL"," 38.828347","-90.05894","South Roxana","Illinois"
"62088","IL"," 39.011612","-89.78855","Staunton","Illinois"
"62089","IL"," 39.130404","-89.49298","Taylor Springs","Illinois"
"62090","IL"," 38.670650","-90.17052","Venice","Illinois"
"62091","IL"," 39.053344","-89.59324","Walshville","Illinois"
"62092","IL"," 39.433041","-90.40655","White Hall","Illinois"
"62093","IL"," 39.068901","-89.85425","Wilsonville","Illinois"
"62094","IL"," 39.249272","-89.35236","Witt","Illinois"
"62095","IL"," 38.860447","-90.09418","Wood River","Illinois"
"62097","IL"," 38.932347","-89.84608","Worden","Illinois"
"620HH","IL"," 38.946356","-90.29456","","Illinois"
"62201","IL"," 38.628550","-90.14609","Sauget","Illinois"
"62203","IL"," 38.598175","-90.07575","East Saint Louis","Illinois"
"62204","IL"," 38.631383","-90.10008","Washington Park","Illinois"
"62205","IL"," 38.615100","-90.12675","East Saint Louis","Illinois"
"62206","IL"," 38.564451","-90.16280","Cahokia","Illinois"
"62207","IL"," 38.590350","-90.13276","Alorton","Illinois"
"62208","IL"," 38.596199","-90.00227","Fairview Heights","Illinois"
"62214","IL"," 38.377193","-89.55998","Venedy","Illinois"
"62215","IL"," 38.517125","-89.60258","Albers","Illinois"
"62216","IL"," 38.607817","-89.60516","Aviston","Illinois"
"62217","IL"," 38.178395","-89.84183","Baldwin","Illinois"
"62218","IL"," 38.535097","-89.46426","Bartelso","Illinois"
"62219","IL"," 38.605187","-89.43404","Beckemeyer","Illinois"
"62220","IL"," 38.500460","-89.97654","Belleville","Illinois"
"62221","IL"," 38.532311","-89.93996","Belleville","Illinois"
"62223","IL"," 38.556150","-90.05078","Belleville","Illinois"
"62225","IL"," 38.544298","-89.85054","Scott A F B","Illinois"
"62226","IL"," 38.538950","-90.00104","Belleville","Illinois"
"62230","IL"," 38.620018","-89.53050","Breese","Illinois"
"62231","IL"," 38.623384","-89.36368","Carlyle","Illinois"
"62232","IL"," 38.636749","-90.01763","Caseyville","Illinois"
"62233","IL"," 37.921816","-89.82842","Chester","Illinois"
"62234","IL"," 38.679282","-89.99407","Collinsville","Illinois"
"62236","IL"," 38.442906","-90.20775","Columbia","Illinois"
"62237","IL"," 38.188624","-89.59789","Swanwick","Illinois"
"62238","IL"," 38.034281","-89.54537","Cutler","Illinois"
"62239","IL"," 38.526792","-90.19253","Dupo","Illinois"
"62240","IL"," 38.535325","-90.21617","East Carondelet","Illinois"
"62241","IL"," 38.011729","-89.89007","Ellis Grove","Illinois"
"62242","IL"," 38.092615","-89.93485","Evansville","Illinois"
"62243","IL"," 38.425949","-89.90389","Freeburg","Illinois"
"62244","IL"," 38.200113","-90.22720","Fults","Illinois"
"62245","IL"," 38.554515","-89.56310","Germantown","Illinois"
"62246","IL"," 38.889355","-89.40987","Greenville","Illinois"
"62249","IL"," 38.752017","-89.67478","Highland","Illinois"
"62250","IL"," 38.540238","-89.26294","Hoffman","Illinois"
"62253","IL"," 38.761214","-89.29128","Keyesport","Illinois"
"62254","IL"," 38.601648","-89.81317","Lebanon","Illinois"
"62255","IL"," 38.303147","-89.79161","Lenzburg","Illinois"
"62257","IL"," 38.260108","-89.73627","Marissa","Illinois"
"62258","IL"," 38.481674","-89.79432","Mascoutah","Illinois"
"62260","IL"," 38.463718","-90.09831","Millstadt","Illinois"
"62261","IL"," 37.988745","-90.00785","Modoc","Illinois"
"62262","IL"," 38.931719","-89.27132","Mulberry Grove","Illinois"
"62263","IL"," 38.346578","-89.38453","Nashville","Illinois"
"62264","IL"," 38.318253","-89.88852","New Athens","Illinois"
"62265","IL"," 38.520285","-89.68070","New Baden","Illinois"
"62266","IL"," 38.478000","-89.67869","New Memphis","Illinois"
"62268","IL"," 38.271313","-89.51773","Oakdale","Illinois"
"62269","IL"," 38.589849","-89.91207","Shiloh","Illinois"
"62271","IL"," 38.439574","-89.52860","Okawville","Illinois"
"62272","IL"," 38.006386","-89.61645","Percy","Illinois"
"62273","IL"," 38.780229","-89.59730","Pierron","Illinois"
"62274","IL"," 38.078231","-89.38796","Pinckneyville","Illinois"
"62275","IL"," 38.812744","-89.54888","Pocahontas","Illinois"
"62277","IL"," 38.095119","-90.09885","Prairie Du Roche","Illinois"
"62278","IL"," 38.214515","-89.98785","Red Bud","Illinois"
"62279","IL"," 38.153322","-90.13459","Renault","Illinois"
"62280","IL"," 37.845454","-89.66878","Rockwood","Illinois"
"62281","IL"," 38.706847","-89.77739","Saint Jacob","Illinois"
"62283","IL"," 38.647775","-89.20166","Shattuc","Illinois"
"62284","IL"," 38.887748","-89.32248","Smithboro","Illinois"
"62285","IL"," 38.399148","-89.99604","Smithton","Illinois"
"62286","IL"," 38.122112","-89.71168","Sparta","Illinois"
"62288","IL"," 38.002188","-89.66723","Steeleville","Illinois"
"62289","IL"," 38.596948","-89.75117","Summerfield","Illinois"
"62292","IL"," 38.214035","-89.68346","Tilden","Illinois"
"62293","IL"," 38.611798","-89.67691","Trenton","Illinois"
"62294","IL"," 38.725498","-89.88891","Troy","Illinois"
"62295","IL"," 38.299904","-90.30833","Valmeyer","Illinois"
"62297","IL"," 38.049616","-89.80775","Walsh","Illinois"
"62298","IL"," 38.325969","-90.14606","Waterloo","Illinois"
"622HH","IL"," 38.219283","-89.89891","","Illinois"
"62301","IL"," 39.929597","-91.37415","Quincy","Illinois"
"62311","IL","40.223837","-90.93288","Augusta","Illinois"
"62312","IL"," 39.704649","-91.03680","Barry","Illinois"
"62313","IL","40.319528","-91.20483","Basco","Illinois"
"62314","IL"," 39.756139","-90.89509","Baylis","Illinois"
"62316","IL","40.232385","-91.05746","Bowen","Illinois"
"62318","IL","40.513153","-91.12851","Burnside","Illinois"
"62319","IL","40.147818","-90.74246","Camden","Illinois"
"62320","IL","40.020397","-91.07407","Camp Point","Illinois"
"62321","IL","40.414128","-91.11577","Carthage","Illinois"
"62323","IL"," 39.817702","-90.66923","Chambersburg","Illinois"
"62324","IL"," 39.988988","-90.94976","Clayton","Illinois"
"62325","IL","40.034398","-91.16278","Coatsburg","Illinois"
"62326","IL","40.421857","-90.80333","Colchester","Illinois"
"62330","IL","40.630407","-91.15278","Pontoosuc","Illinois"
"62334","IL","40.396983","-91.25029","Elvaston","Illinois"
"62336","IL","40.467994","-91.17125","Ferris","Illinois"
"62338","IL"," 39.981520","-91.25754","Fowler","Illinois"
"62339","IL","40.112726","-91.02632","Golden","Illinois"
"62340","IL"," 39.713450","-90.72045","Griggsville","Illinois"
"62341","IL","40.402015","-91.33182","Hamilton","Illinois"
"62343","IL"," 39.709855","-91.22914","Hull","Illinois"
"62344","IL","40.182750","-90.81819","Huntsville","Illinois"
"62345","IL"," 39.700245","-91.14564","Kinderhook","Illinois"
"62346","IL","40.151799","-90.95426","La Prairie","Illinois"
"62347","IL"," 39.876235","-91.11060","Liberty","Illinois"
"62348","IL","40.180236","-91.37791","Lima","Illinois"
"62349","IL","40.160393","-91.20372","Loraine","Illinois"
"62351","IL","40.094396","-91.26558","Mendon","Illinois"
"62352","IL"," 39.563599","-90.64813","Milton","Illinois"
"62353","IL"," 39.983824","-90.74134","Mount Sterling","Illinois"
"62354","IL","40.531825","-91.36598","Nauvoo","Illinois"
"62355","IL"," 39.440654","-90.77809","Nebo","Illinois"
"62356","IL"," 39.599949","-91.09115","New Canton","Illinois"
"62357","IL"," 39.696523","-90.84253","New Salem","Illinois"
"62358","IL","40.587769","-91.26301","Niota","Illinois"
"62359","IL","40.028595","-91.21286","Paloma","Illinois"
"62360","IL"," 39.813094","-91.25561","Payson","Illinois"
"62361","IL"," 39.469982","-90.63108","Pearl","Illinois"
"62362","IL"," 39.781349","-90.74617","Perry","Illinois"
"62363","IL"," 39.606349","-90.78642","Pittsfield","Illinois"
"62365","IL"," 39.795818","-91.16751","Plainville","Illinois"
"62366","IL"," 39.450931","-90.87779","Pleasant Hill","Illinois"
"62367","IL","40.304799","-90.88699","Colmar","Illinois"
"62370","IL"," 39.510835","-90.99193","Rockport","Illinois"
"62373","IL","40.240004","-91.35197","Sutter","Illinois"
"62374","IL","40.403553","-90.88340","Tennessee","Illinois"
"62375","IL"," 39.983573","-90.88420","Timewell","Illinois"
"62376","IL","40.096250","-91.38474","Ursa","Illinois"
"62378","IL"," 39.884796","-90.62890","Versailles","Illinois"
"62379","IL","40.314446","-91.40638","Warsaw","Illinois"
"62380","IL","40.233504","-91.19727","West Point","Illinois"
"623HH","IL"," 39.950127","-91.41886","","Illinois"
"62401","IL"," 39.123807","-88.56000","Effingham","Illinois"
"62410","IL"," 38.528202","-87.72913","Allendale","Illinois"
"62411","IL"," 39.062913","-88.73912","Altamont","Illinois"
"62413","IL"," 39.138761","-87.83769","Annapolis","Illinois"
"62414","IL"," 39.167788","-88.82550","Beecher City","Illinois"
"62417","IL"," 38.720425","-87.76815","Bridgeport","Illinois"
"62418","IL"," 39.018987","-88.96134","Brownstown","Illinois"
"62419","IL"," 38.625864","-87.99407","Calhoun","Illinois"
"62420","IL"," 39.299447","-87.99863","Casey","Illinois"
"62421","IL"," 38.755492","-87.95334","Claremont","Illinois"
"62422","IL"," 39.251624","-88.86505","Cowden","Illinois"
"62423","IL"," 39.452478","-87.57092","Dennison","Illinois"
"62424","IL"," 39.010770","-88.42800","Dieterich","Illinois"
"62425","IL"," 38.830182","-88.09218","Dundas","Illinois"
"62426","IL"," 38.913064","-88.66404","Laclede","Illinois"
"62427","IL"," 38.869453","-87.66502","Flat Rock","Illinois"
"62428","IL"," 39.252870","-88.13528","Hazel Dell","Illinois"
"62431","IL"," 39.228594","-88.98873","Herrick","Illinois"
"62432","IL"," 39.139262","-88.14862","Hidalgo","Illinois"
"62433","IL"," 39.113033","-87.67563","Hutsonville","Illinois"
"62434","IL"," 38.835884","-88.33505","Ingraham","Illinois"
"62436","IL"," 39.190088","-88.26010","Jewett","Illinois"
"62438","IL"," 39.317235","-88.87876","Lakewood","Illinois"
"62439","IL"," 38.738226","-87.65984","Lawrenceville","Illinois"
"62440","IL"," 39.393267","-88.28118","Lerna","Illinois"
"62441","IL"," 39.396463","-87.69589","Marshall","Illinois"
"62442","IL"," 39.324630","-87.86922","Martinsville","Illinois"
"62443","IL"," 38.952320","-88.62883","Mason","Illinois"
"62444","IL"," 39.272317","-88.75932","Mode","Illinois"
"62445","IL"," 39.183055","-88.34040","Montrose","Illinois"
"62446","IL"," 38.486790","-88.21636","Mount Erie","Illinois"
"62447","IL"," 39.322050","-88.45037","Neoga","Illinois"
"62448","IL"," 38.974018","-88.17881","Newton","Illinois"
"62449","IL"," 39.006483","-87.90005","Oblong","Illinois"
"62450","IL"," 38.724560","-88.08658","Olney","Illinois"
"62451","IL"," 39.006924","-87.61170","Palestine","Illinois"
"62452","IL"," 38.588301","-88.03692","Parkersburg","Illinois"
"62454","IL"," 39.004728","-87.74950","Robinson","Illinois"
"62458","IL"," 39.042992","-88.87463","Saint Elmo","Illinois"
"62459","IL"," 38.931480","-88.02520","Saint Marie","Illinois"
"62460","IL"," 38.596277","-87.65542","Saint Francisvil","Illinois"
"62461","IL"," 39.194021","-88.66560","Shumway","Illinois"
"62462","IL"," 39.223922","-88.47715","Sigel","Illinois"
"62463","IL"," 39.280700","-88.62403","Stewardson","Illinois"
"62465","IL"," 39.354837","-88.63491","Strasburg","Illinois"
"62466","IL"," 38.732726","-87.85152","Sumner","Illinois"
"62467","IL"," 39.125573","-88.45609","Teutopolis","Illinois"
"62468","IL"," 39.273828","-88.25646","Toledo","Illinois"
"62469","IL"," 39.352390","-88.33275","Trilla","Illinois"
"62471","IL"," 38.961799","-89.10978","Vandalia","Illinois"
"62473","IL"," 39.012089","-88.56383","Watson","Illinois"
"62474","IL"," 39.450500","-87.99681","Westfield","Illinois"
"62475","IL"," 38.868463","-88.05466","West Liberty","Illinois"
"62476","IL"," 38.527107","-88.00583","West Salem","Illinois"
"62477","IL"," 39.229885","-87.66640","West Union","Illinois"
"62478","IL"," 39.175832","-87.72312","West York","Illinois"
"62479","IL"," 39.038732","-88.31569","Wheeler","Illinois"
"62480","IL"," 38.994595","-88.00464","Willow Hill","Illinois"
"62481","IL"," 39.122158","-88.01982","Yale","Illinois"
"624HH","IL"," 38.989171","-87.56479","","Illinois"
"62501","IL"," 39.984292","-88.81584","Newburg","Illinois"
"62510","IL"," 39.530502","-89.03829","Assumption","Illinois"
"62511","IL"," 39.346468","-89.73278","Atwater","Illinois"
"62512","IL","40.139482","-89.20730","Beason","Illinois"
"62513","IL"," 39.716269","-89.13269","Blue Mound","Illinois"
"62514","IL"," 39.759905","-89.05465","Boody","Illinois"
"62515","IL"," 39.861289","-89.37836","Buffalo Hart","Illinois"
"62517","IL"," 39.591537","-89.42755","Bulpitt","Illinois"
"62518","IL","40.052320","-89.18832","Chestnut","Illinois"
"62519","IL"," 39.936817","-89.40159","Cornland","Illinois"
"62520","IL"," 39.824457","-89.45643","Dawson","Illinois"
"62521","IL"," 39.828586","-88.92907","Decatur","Illinois"
"62522","IL"," 39.840482","-89.00569","Decatur","Illinois"
"62523","IL"," 39.844086","-88.95327","Decatur","Illinois"
"62526","IL"," 39.878041","-88.95637","Bearsdale","Illinois"
"62530","IL"," 39.568077","-89.65467","Cimic","Illinois"
"62531","IL"," 39.663630","-89.39224","Edinburg","Illinois"
"62532","IL"," 39.777583","-88.97972","Elwin","Illinois"
"62533","IL"," 39.442669","-89.64068","Thomasville","Illinois"
"62534","IL"," 39.529092","-88.78210","Brunswick","Illinois"
"62535","IL"," 39.925806","-88.95928","Forsyth","Illinois"
"62536","IL"," 39.642083","-89.65936","Glenarm","Illinois"
"62537","IL"," 39.867151","-89.11324","Harristown","Illinois"
"62538","IL"," 39.359529","-89.52648","Harvel","Illinois"
"62539","IL"," 39.855984","-89.24870","Illiopolis","Illinois"
"62540","IL"," 39.587550","-89.41265","Kincaid","Illinois"
"62541","IL"," 39.969864","-89.35051","Lake Fork","Illinois"
"62543","IL"," 39.965691","-89.15936","Latham","Illinois"
"62544","IL"," 39.693983","-88.98068","Macon","Illinois"
"62545","IL"," 39.773860","-89.39012","Bolivia","Illinois"
"62546","IL"," 39.430427","-89.44719","Morrisonville","Illinois"
"62547","IL"," 39.771541","-89.24331","Mount Auburn","Illinois"
"62548","IL"," 39.993254","-89.29707","Mount Pulaski","Illinois"
"62549","IL"," 39.777116","-88.87171","Hervey City","Illinois"
"62550","IL"," 39.617542","-89.00559","Radford","Illinois"
"62551","IL"," 39.838505","-89.15191","Niantic","Illinois"
"62552","IL"," 39.869841","-88.81261","Casner","Illinois"
"62553","IL"," 39.279357","-89.10462","Oconee","Illinois"
"62554","IL"," 39.937060","-88.86332","Oreana","Illinois"
"62555","IL"," 39.476356","-89.21607","Owaneco","Illinois"
"62556","IL"," 39.465887","-89.39095","Clarksdale","Illinois"
"62557","IL"," 39.392800","-89.08194","Dunkel","Illinois"
"62558","IL"," 39.580159","-89.54402","Sicily","Illinois"
"62560","IL"," 39.312686","-89.59541","Raymond","Illinois"
"62561","IL"," 39.859730","-89.52972","Spaulding","Illinois"
"62563","IL"," 39.719840","-89.51229","Berry","Illinois"
"62565","IL"," 39.409126","-88.80153","Clarksburg","Illinois"
"62567","IL"," 39.638951","-89.18982","Stonington","Illinois"
"62568","IL"," 39.548928","-89.29692","Hewittsville","Illinois"
"62570","IL"," 39.588585","-89.44945","Tovey","Illinois"
"62571","IL"," 39.385344","-88.95588","Dollville","Illinois"
"62572","IL"," 39.370091","-89.67132","Waggoner","Illinois"
"62573","IL"," 39.940934","-89.06707","Heman","Illinois"
"625HH","IL"," 39.825436","-88.95544","","Illinois"
"62601","IL"," 39.754308","-90.02786","Orleans","Illinois"
"62610","IL"," 39.564501","-90.43698","Alsey","Illinois"
"62611","IL"," 39.883346","-90.39332","Arenzville","Illinois"
"62612","IL"," 39.891861","-90.03125","Newmansville","Illinois"
"62613","IL"," 39.982768","-89.68326","Fancy Prairie","Illinois"
"62615","IL"," 39.588902","-89.75177","Auburn","Illinois"
"62617","IL","40.167991","-90.16313","Lynchburg","Illinois"
"62618","IL","40.005505","-90.42314","Beardstown","Illinois"
"62621","IL"," 39.740558","-90.53937","Exeter","Illinois"
"62624","IL","40.153557","-90.35255","Bader","Illinois"
"62625","IL"," 39.909732","-89.68831","Cantrall","Illinois"
"62626","IL"," 39.280289","-89.87570","Comer","Illinois"
"62627","IL","40.051603","-90.14057","Panther Creek","Illinois"
"62628","IL"," 39.770936","-90.39307","Chapin","Illinois"
"62629","IL"," 39.676558","-89.69902","Chatham","Illinois"
"62630","IL"," 39.260146","-90.06937","Hagaman","Illinois"
"62631","IL"," 39.817322","-90.36618","Concord","Illinois"
"62633","IL","40.214759","-89.87721","Biggs","Illinois"
"62634","IL","40.024890","-89.46592","Broadwell","Illinois"
"62635","IL","40.291512","-89.47436","Emden","Illinois"
"62638","IL"," 39.609647","-90.08116","Clements","Illinois"
"62639","IL","40.041950","-90.46831","Frederick","Illinois"
"62640","IL"," 39.436584","-89.80280","Mcvey","Illinois"
"62642","IL","40.087711","-89.72066","Hubly","Illinois"
"62643","IL","40.247835","-89.44123","Hartsburg","Illinois"
"62644","IL","40.296415","-90.05163","Eckard","Illinois"
"62649","IL"," 39.348487","-90.08365","Hettick","Illinois"
"62650","IL"," 39.730234","-90.22941","Arcadia","Illinois"
"62655","IL","40.147371","-90.00698","Kilbourne","Illinois"
"62656","IL","40.149927","-89.36746","Lincoln","Illinois"
"62661","IL"," 39.669508","-89.84805","Loami","Illinois"
"62663","IL"," 39.544196","-90.32677","Manchester","Illinois"
"62664","IL","40.200537","-89.70427","Luther","Illinois"
"62665","IL"," 39.818631","-90.55791","Naples","Illinois"
"62666","IL","40.088774","-89.56744","Middletown","Illinois"
"62667","IL"," 39.487357","-89.99143","Modesto","Illinois"
"62668","IL"," 39.576392","-90.24769","Nortonville","Illinois"
"62670","IL"," 39.735761","-89.88669","Bates","Illinois"
"62671","IL","40.186852","-89.56053","New Holland","Illinois"
"62672","IL"," 39.397248","-89.80769","Nilwood","Illinois"
"62673","IL","40.095009","-89.96998","Oakford","Illinois"
"62674","IL"," 39.429687","-90.01499","Barr","Illinois"
"62675","IL","40.008726","-89.85029","Atterbury","Illinois"
"62677","IL"," 39.847253","-89.88059","Farmingdale","Illinois"
"62681","IL","40.134957","-90.55222","Layton","Illinois"
"62682","IL","40.299160","-89.60101","Allen","Illinois"
"62684","IL"," 39.901588","-89.58805","Barclay","Illinois"
"62685","IL"," 39.146650","-90.00059","Royal Lakes","Illinois"
"62686","IL"," 39.350726","-89.78689","","Illinois"
"62688","IL"," 39.944264","-89.93366","Tallula","Illinois"
"62689","IL"," 39.539071","-89.76100","Thayer","Illinois"
"62690","IL"," 39.503383","-89.76667","Virden","Illinois"
"62691","IL"," 39.952909","-90.21218","Little Indian","Illinois"
"62692","IL"," 39.583983","-89.93960","Waverly","Illinois"
"62693","IL"," 39.956803","-89.54209","Williamsville","Illinois"
"62694","IL"," 39.628929","-90.46107","Glasgow","Illinois"
"62695","IL"," 39.627307","-90.22101","Woodson","Illinois"
"626HH","IL","40.062562","-90.29399","","Illinois"
"62701","IL"," 39.800950","-89.64999","Springfield","Illinois"
"62702","IL"," 39.819000","-89.64379","Grandview","Illinois"
"62703","IL"," 39.771500","-89.63612","Southern View","Illinois"
"62704","IL"," 39.777800","-89.67982","Jerome","Illinois"
"62707","IL"," 39.757896","-89.66363","Andrew","Illinois"
"627HH","IL"," 39.861445","-89.63333","","Illinois"
"62801","IL"," 38.523736","-89.12570","Centralia","Illinois"
"62803","IL"," 38.460331","-89.30296","Hoyleton","Illinois"
"62806","IL"," 38.375576","-88.07169","Albion","Illinois"
"62807","IL"," 38.735571","-88.91864","Alma","Illinois"
"62808","IL"," 38.319427","-89.19145","Ashley","Illinois"
"62809","IL"," 38.268959","-88.34267","Barnhill","Illinois"
"62810","IL"," 38.218349","-88.73999","Belle Rive","Illinois"
"62811","IL"," 38.384799","-87.90949","Bellmont","Illinois"
"62812","IL"," 38.000245","-88.92407","Benton","Illinois"
"62814","IL"," 38.362934","-88.72896","Bluford","Illinois"
"62815","IL"," 38.452172","-87.99390","Bone Gap","Illinois"
"62816","IL"," 38.192726","-88.93138","Bonnie","Illinois"
"62817","IL"," 37.954727","-88.47128","Broughton","Illinois"
"62818","IL"," 38.378706","-87.97291","Browns","Illinois"
"62819","IL"," 37.980455","-89.01261","Buckner","Illinois"
"62820","IL"," 38.247883","-88.22944","Burnt Prairie","Illinois"
"62821","IL"," 38.087838","-88.15583","Carmi","Illinois"
"62822","IL"," 37.973175","-89.05291","Christopher","Illinois"
"62823","IL"," 38.516840","-88.43531","Cisne","Illinois"
"62824","IL"," 38.689663","-88.35141","Clay City","Illinois"
"62825","IL"," 37.996241","-89.06852","Coello","Illinois"
"62827","IL"," 38.160972","-88.03291","Crossville","Illinois"
"62828","IL"," 38.190536","-88.62439","Dahlgren","Illinois"
"62829","IL"," 37.999757","-88.50469","Dale","Illinois"
"62830","IL"," 38.441538","-88.96888","Dix","Illinois"
"62831","IL"," 38.226690","-89.20884","Du Bois","Illinois"
"62832","IL"," 38.011729","-89.24688","Du Quoin","Illinois"
"62833","IL"," 38.361654","-88.16484","Ellery","Illinois"
"62835","IL"," 38.101667","-88.33357","Enfield","Illinois"
"62836","IL"," 38.096551","-88.82763","Ewing","Illinois"
"62837","IL"," 38.374627","-88.35735","Fairfield","Illinois"
"62838","IL"," 38.857185","-88.75910","Farina","Illinois"
"62839","IL"," 38.667752","-88.48855","Flora","Illinois"
"62842","IL"," 38.460323","-88.37124","Geff","Illinois"
"62843","IL"," 38.365545","-88.19454","Golden Gate","Illinois"
"62844","IL"," 38.257064","-88.00353","Grayville","Illinois"
"62846","IL"," 38.149474","-88.89634","Ina","Illinois"
"62848","IL"," 38.436236","-89.16184","Irvington","Illinois"
"62849","IL"," 38.594744","-88.77464","Iuka","Illinois"
"62850","IL"," 38.513119","-88.58911","Johnsonville","Illinois"
"62851","IL"," 38.423947","-88.66920","Keenes","Illinois"
"62852","IL"," 38.351613","-87.86464","Keensburg","Illinois"
"62853","IL"," 38.516025","-88.91954","Kell","Illinois"
"62854","IL"," 38.768452","-88.82814","Kinmundy","Illinois"
"62857","IL"," 38.911662","-88.87747","Loogootee","Illinois"
"62858","IL"," 38.806292","-88.48012","Bible Grove","Illinois"
"62859","IL"," 38.090004","-88.53431","Mc Leansboro","Illinois"
"62860","IL"," 38.041978","-88.73257","Macedonia","Illinois"
"62861","IL"," 38.032574","-88.04663","Maunie","Illinois"
"62862","IL"," 38.219997","-88.31210","Mill Shoals","Illinois"
"62863","IL"," 38.415676","-87.81077","Mount Carmel","Illinois"
"62864","IL"," 38.322558","-88.90842","Mount Vernon","Illinois"
"62865","IL"," 37.963264","-89.06906","Mulkeytown","Illinois"
"62867","IL"," 37.914363","-88.12264","New Haven","Illinois"
"62868","IL"," 38.696562","-88.23716","Noble","Illinois"
"62869","IL"," 37.971434","-88.30419","Norris City","Illinois"
"62870","IL"," 38.614141","-89.04738","Odin","Illinois"
"62871","IL"," 37.877628","-88.29114","Omaha","Illinois"
"62872","IL"," 38.281485","-88.79090","Opdyke","Illinois"
"62874","IL"," 37.921795","-88.97892","Orient","Illinois"
"62875","IL"," 38.751756","-89.09581","Patoka","Illinois"
"62876","IL"," 38.282464","-89.19356","Radom","Illinois"
"62877","IL"," 38.388876","-89.19244","Richview","Illinois"
"62878","IL"," 38.578119","-88.49714","Rinard","Illinois"
"62879","IL"," 38.764802","-88.35875","Sailor Springs","Illinois"
"62880","IL"," 38.875494","-88.89365","Saint Peter","Illinois"
"62881","IL"," 38.623789","-88.95361","Salem","Illinois"
"62882","IL"," 38.608230","-89.11963","Sandoval","Illinois"
"62883","IL"," 38.164136","-89.11908","Scheller","Illinois"
"62884","IL"," 38.085829","-89.04697","Sesser","Illinois"
"62885","IL"," 38.859515","-89.05400","Shobonier","Illinois"
"62886","IL"," 38.374398","-88.53537","Sims","Illinois"
"62887","IL"," 38.185822","-88.36923","Springerton","Illinois"
"62888","IL"," 38.127516","-89.22926","Tamaroa","Illinois"
"62889","IL"," 38.455562","-88.82320","Texico","Illinois"
"62890","IL"," 37.913984","-88.74922","Thompsonville","Illinois"
"62891","IL"," 38.014920","-89.04226","Valier","Illinois"
"62892","IL"," 38.804938","-89.08366","Vernon","Illinois"
"62893","IL"," 38.469244","-89.03707","Walnut Hill","Illinois"
"62894","IL"," 38.212746","-89.03866","Waltonville","Illinois"
"62895","IL"," 38.342390","-88.58448","Wayne City","Illinois"
"62896","IL"," 37.894496","-88.93037","West Frankfort","Illinois"
"62897","IL"," 38.084617","-88.92096","Whittington","Illinois"
"62898","IL"," 38.335675","-89.04867","Woodlawn","Illinois"
"62899","IL"," 38.661358","-88.64744","Xenia","Illinois"
"628HH","IL"," 38.047578","-88.19109","","Illinois"
"628XX","IL"," 38.263698","-88.42585","","Illinois"
"62901","IL"," 37.707763","-89.19246","Carbondale","Illinois"
"62905","IL"," 37.571235","-89.33462","Alto Pass","Illinois"
"62906","IL"," 37.457806","-89.21408","Anna","Illinois"
"62907","IL"," 37.871546","-89.50721","Ava","Illinois"
"62908","IL"," 37.308412","-88.88076","Belknap","Illinois"
"62910","IL"," 37.140282","-88.58186","New Liberty","Illinois"
"62912","IL"," 37.477639","-89.02992","Buncombe","Illinois"
"62914","IL"," 37.025325","-89.18974","Cairo","Illinois"
"62915","IL"," 37.782057","-89.12184","Cambria","Illinois"
"62916","IL"," 37.933269","-89.55501","Campbell Hill","Illinois"
"62917","IL"," 37.692923","-88.65284","Carrier Mills","Illinois"
"62918","IL"," 37.766029","-89.08355","Carterville","Illinois"
"62919","IL"," 37.495812","-88.16099","Cave In Rock","Illinois"
"62920","IL"," 37.540571","-89.25489","Cobden","Illinois"
"62921","IL"," 37.804876","-89.08118","Colp","Illinois"
"62922","IL"," 37.613705","-88.83922","Creal Springs","Illinois"
"62923","IL"," 37.340000","-89.03177","Cypress","Illinois"
"62924","IL"," 37.825260","-89.20301","De Soto","Illinois"
"62926","IL"," 37.363981","-89.15783","Dongola","Illinois"
"62927","IL"," 37.940448","-89.24091","Dowell","Illinois"
"62928","IL"," 37.501552","-88.58141","Eddyville","Illinois"
"62930","IL"," 37.822259","-88.44456","Eldorado","Illinois"
"62931","IL"," 37.511139","-88.28284","Elizabethtown","Illinois"
"62932","IL"," 37.907619","-89.23151","Elkville","Illinois"
"62933","IL"," 37.774517","-89.02583","Energy","Illinois"
"62934","IL"," 37.716434","-88.37184","Equality","Illinois"
"62935","IL"," 37.836537","-88.62298","Galatia","Illinois"
"62938","IL"," 37.374723","-88.52571","Brownfield","Illinois"
"62939","IL"," 37.558235","-88.96661","Goreville","Illinois"
"62940","IL"," 37.727109","-89.47618","Gorham","Illinois"
"62941","IL"," 37.239385","-88.95184","Grand Chain","Illinois"
"62942","IL"," 37.629601","-89.48077","Grand Tower","Illinois"
"62943","IL"," 37.342538","-88.73381","Grantsburg","Illinois"
"62946","IL"," 37.725834","-88.54208","Harrisburg","Illinois"
"62947","IL"," 37.567779","-88.39925","Herod","Illinois"
"62948","IL"," 37.804014","-89.02702","Herrin","Illinois"
"62949","IL"," 37.835684","-89.14346","Hurst","Illinois"
"62950","IL"," 37.758580","-89.56055","Jacob","Illinois"
"62951","IL"," 37.820724","-88.92647","Johnston City","Illinois"
"62952","IL"," 37.420840","-89.31217","Jonesboro","Illinois"
"62953","IL"," 37.208120","-88.84304","Joppa","Illinois"
"62954","IL"," 37.703552","-88.26498","Junction","Illinois"
"62956","IL"," 37.279433","-88.93959","Karnak","Illinois"
"62957","IL"," 37.305331","-89.43066","Mc Clure","Illinois"
"62958","IL"," 37.612173","-89.17587","Makanda","Illinois"
"62959","IL"," 37.724504","-88.92968","Marion","Illinois"
"62960","IL"," 37.183080","-88.73327","Metropolis","Illinois"
"62962","IL"," 37.097546","-89.33547","Miller City","Illinois"
"62963","IL"," 37.087510","-89.16532","Mound City","Illinois"
"62964","IL"," 37.119739","-89.20174","Mounds","Illinois"
"62966","IL"," 37.771806","-89.33971","Murphysboro","Illinois"
"62967","IL"," 37.582136","-88.76394","New Burnside","Illinois"
"62969","IL"," 37.159227","-89.34153","Olive Branch","Illinois"
"62970","IL"," 37.199769","-89.10964","Olmsted","Illinois"
"62972","IL"," 37.548762","-88.74145","Ozark","Illinois"
"62974","IL"," 37.780592","-88.82344","Pittsburg","Illinois"
"62975","IL"," 37.618822","-89.36170","Pomona","Illinois"
"62976","IL"," 37.214012","-89.21039","Pulaski","Illinois"
"62977","IL"," 37.844963","-88.54416","Raleigh","Illinois"
"62979","IL"," 37.796784","-88.24393","Ridgway","Illinois"
"62982","IL"," 37.426076","-88.34815","Rosiclare","Illinois"
"62983","IL"," 37.884066","-89.11128","Royalton","Illinois"
"62984","IL"," 37.712847","-88.16553","Shawneetown","Illinois"
"62985","IL"," 37.458878","-88.69466","Robbs","Illinois"
"62987","IL"," 37.635792","-88.67912","Stonefort","Illinois"
"62988","IL"," 37.240381","-89.28271","Tamms","Illinois"
"62990","IL"," 37.223589","-89.42243","Gale","Illinois"
"62991","IL"," 37.540479","-88.86601","Tunnel Hill","Illinois"
"62992","IL"," 37.272477","-89.17123","Ullin","Illinois"
"62993","IL"," 37.150263","-89.27351","Unity","Illinois"
"62994","IL"," 37.901441","-89.33485","Vergennes","Illinois"
"62995","IL"," 37.422815","-88.88016","Vienna","Illinois"
"62996","IL"," 37.152714","-89.16320","Villa Ridge","Illinois"
"62997","IL"," 37.983687","-89.59050","Willisville","Illinois"
"62998","IL"," 37.508233","-89.43987","Wolf Lake","Illinois"
"62999","IL"," 37.897400","-89.05385","Zeigler","Illinois"
"629HH","IL"," 37.605039","-89.07736","","Illinois"
